CASENO,WORD1,WORD2,WORD3,WORD4,WORD5,WORD6,WORD7,WORD8,WORD9,WORD10,WORD11,WORD12,WORD13,WORD14,WORD15,WORD16,WORD17,WORD18,WORD19,WORD20,WORD21,WORD22,WORD23,WORD24,WORD25,WORD26,WORD27,WORD28,WORD29,WORD30,WORD31,WORD32,WORD33,WORD34,WORD35
1,3,1,1,1,2,0,4,1,2,0,0,0,0,1,1,0,0,1,2,0,0,0,0,0,0,1,0,0,0,0,1,0,0,0,0
2,2,0,2,2,1,0,1,0,0,0,0,0,2,0,0,1,0,1,2,0,0,0,0,0,0,0,1,0,0,0,0,0,0,0,0
3,0,0,1,0,0,1,0,0,2,0,0,0,0,0,0,0,0,0,0,0,0,0,0,0,0,0,0,0,0,0,0,0,0,0,0
4,3,1,1,0,6,0,2,0,1,0,0,0,0,1,0,0,0,0,0,0,0,0,0,0,0,0,0,0,0,0,0,0,0,0,0
5,0,0,0,0,0,0,0,0,0,0,0,0,0,0,0,0,0,0,0,0,0,0,0,0,0,0,0,0,0,0,0,0,0,0,0
6,0,0,1,2,0,1,1,2,0,1,1,0,0,0,0,0,0,1,2,1,0,0,0,0,1,1,0,0,0,0,0,0,0,0,0
7,0,0,0,0,0,0,0,0,0,0,0,0,0,0,0,0,0,0,0,0,0,0,0,0,0,0,0,0,0,0,0,0,0,0,0
8,3,3,12,0,0,1,1,0,0,0,2,2,0,0,0,0,0,0,0,0,0,1,0,0,0,1,0,0,0,0,0,0,0,1,0
9,0,3,1,0,2,0,1,0,0,0,0,0,0,1,0,3,1,0,0,1,0,0,0,0,0,0,0,1,0,0,0,0,0,0,0
10,2,0,0,1,0,1,0,0,0,0,4,2,1,0,0,0,1,1,1,1,0,0,1,0,1,0,0,0,0,0,0,0,0,1,0
11,7,1,3,1,0,0,3,0,1,0,1,0,0,1,0,0,0,0,0,0,0,0,1,0,0,1,0,0,0,0,0,0,0,0,0
12,1,1,0,1,0,0,1,1,0,1,1,0,0,1,0,0,1,0,0,0,0,1,0,1,0,0,0,0,0,0,0,0,0,0,0
13,1,0,0,0,0,1,0,0,0,0,0,0,2,0,0,0,0,0,0,0,1,0,0,0,0,0,0,0,0,0,0,0,0,0,0
14,1,0,4,2,5,0,1,4,1,1,1,2,1,0,0,0,0,1,0,0,0,0,0,0,0,0,1,0,0,0,0,0,0,0,1
15,1,0,0,0,0,1,0,0,3,0,0,0,0,0,0,1,0,0,0,0,0,0,0,0,0,0,0,0,0,0,0,0,0,0,0
16,4,1,1,2,0,0,0,1,0,3,5,2,0,0,0,0,1,0,0,0,1,0,1,0,2,0,0,0,0,0,0,0,0,0,0
17,2,1,1,0,0,0,0,0,0,0,0,6,0,0,0,0,0,0,0,1,0,0,0,0,0,0,0,0,0,0,0,0,0,2,0
18,4,1,1,2,0,0,0,1,0,3,5,2,0,0,0,0,1,0,0,0,1,0,1,0,2,0,0,0,0,0,0,0,0,0,0
19,1,2,1,0,0,0,0,0,0,0,0,0,1,0,0,0,0,0,0,0,0,0,0,0,0,0,0,0,0,0,0,0,0,0,0
20,0,0,0,0,0,0,0,0,0,0,0,0,0,0,0,0,0,0,0,0,0,0,0,0,0,0,0,0,0,0,0,0,0,0,0
21,2,1,2,3,0,0,0,3,0,2,6,0,1,1,1,0,1,0,0,0,1,0,1,1,0,0,2,0,0,0,0,1,0,0,0
22,0,0,1,0,1,1,1,1,0,1,0,0,0,0,0,0,0,0,1,0,0,0,0,0,1,0,0,0,0,1,0,0,0,0,0
23,1,3,5,3,1,1,1,2,1,2,2,1,2,0,3,0,2,1,0,0,0,1,1,0,0,0,0,0,0,0,1,1,0,0,0
24,2,0,1,1,1,2,1,0,0,0,2,0,0,0,0,0,0,2,0,0,0,0,0,0,0,0,0,0,0,0,0,0,0,0,0
25,0,2,1,1,1,0,1,2,0,0,2,2,3,0,0,1,0,3,0,1,1,0,0,0,1,0,0,0,0,0,0,1,0,0,0
26,3,4,3,0,0,1,5,0,0,0,0,1,0,0,0,0,1,1,0,0,0,0,0,0,0,0,0,0,0,0,0,0,1,0,0
27,0,0,0,0,0,0,0,0,0,0,0,0,0,0,0,0,0,0,0,0,0,0,0,0,0,0,0,0,0,0,0,0,0,0,0
28,3,0,1,0,0,0,1,0,1,0,1,0,0,0,0,0,0,1,0,0,0,0,0,0,0,0,0,0,0,0,0,0,0,0,0
29,4,2,4,0,1,2,1,0,0,0,0,0,0,1,0,0,2,0,0,0,0,0,0,1,0,1,0,0,0,0,0,0,1,0,0
30,1,2,0,1,0,0,0,2,0,2,0,1,0,0,0,0,0,1,1,0,0,0,0,0,1,0,1,0,0,0,0,0,0,0,0
31,1,4,0,0,0,1,0,0,0,0,0,0,0,1,2,0,0,0,0,0,0,0,0,1,0,0,0,0,0,0,0,0,0,0,0
32,0,2,1,1,0,1,0,0,0,0,0,0,0,0,0,0,0,0,0,0,0,0,1,0,0,0,1,0,0,0,0,0,0,0,0
33,1,4,0,1,1,0,0,0,1,1,0,1,1,4,0,0,0,0,0,0,0,0,0,1,0,2,1,0,0,0,0,0,0,0,0
34,2,1,0,1,3,2,0,0,0,0,0,0,0,0,0,0,0,0,0,0,2,0,0,0,0,1,1,0,0,0,0,0,0,0,0
35,1,4,0,1,1,0,0,0,1,1,0,1,1,4,0,0,0,0,0,0,0,0,0,1,0,2,1,0,0,0,0,0,0,0,0
36,2,1,0,1,3,2,0,0,0,0,0,0,0,0,0,0,0,0,0,0,2,0,0,0,0,1,1,0,0,0,0,0,0,0,0
37,1,3,5,3,1,1,1,2,1,2,2,1,2,0,3,0,2,1,0,0,0,1,1,0,0,0,0,0,0,0,1,1,0,0,0
38,1,1,1,0,0,1,0,0,0,0,0,0,0,0,0,0,0,0,0,0,0,1,0,0,0,0,0,0,0,0,0,0,0,0,0
39,2,0,0,0,0,0,0,0,0,4,0,0,0,0,0,0,0,0,2,0,0,0,0,0,0,0,0,0,0,0,0,0,0,0,0
40,0,0,1,0,0,1,1,0,1,0,0,0,0,0,0,2,0,0,0,0,1,0,0,0,0,0,0,0,0,0,0,0,0,0,0
41,0,0,2,0,1,0,1,0,0,0,0,0,0,2,0,0,0,0,0,0,0,0,0,0,0,1,0,0,0,0,0,0,0,0,0
42,2,1,2,1,2,0,1,0,0,0,0,0,0,0,0,0,0,0,0,0,0,1,1,0,0,0,0,2,0,0,0,0,0,1,0
43,4,2,3,0,1,1,1,0,0,0,0,3,0,0,0,2,1,1,0,1,0,0,0,0,0,0,0,1,0,0,0,0,0,0,0
44,3,1,0,1,1,0,0,3,0,0,2,0,1,0,4,0,0,0,0,0,0,1,0,1,1,0,0,0,0,0,1,0,0,0,0
45,0,1,0,1,0,0,1,0,2,0,0,0,0,1,0,1,0,0,0,0,0,0,1,0,0,0,0,0,0,0,0,0,0,0,0
46,1,1,1,2,0,3,1,0,1,0,0,2,0,1,0,0,0,0,0,0,0,0,0,0,0,0,0,1,0,0,0,0,0,0,0
47,0,1,1,4,2,2,2,1,1,1,3,0,0,0,3,1,0,0,0,1,1,0,3,0,1,0,0,0,0,0,1,0,2,0,0
48,1,0,0,3,0,0,0,0,0,1,0,2,0,0,0,0,0,0,1,1,0,0,2,0,0,0,0,0,0,0,0,0,0,0,0
49,0,2,2,2,2,1,0,5,2,1,0,0,1,0,2,2,1,0,1,0,0,0,1,0,2,0,0,0,0,0,1,0,0,0,0
50,1,0,2,0,1,0,0,0,0,0,0,1,1,1,0,0,0,0,0,0,0,0,0,0,0,0,0,1,0,0,0,0,0,0,0
51,0,2,2,2,2,1,0,5,2,1,0,0,1,0,2,2,1,0,1,0,0,0,1,0,2,0,0,0,0,0,1,0,0,0,0
52,1,0,2,0,1,0,0,0,0,0,0,1,1,1,0,0,0,0,0,0,0,0,0,0,0,0,0,1,0,0,0,0,0,0,0
53,0,1,1,1,1,0,0,0,0,6,0,0,3,0,0,1,1,0,0,0,0,0,0,0,0,0,0,0,0,0,0,0,0,0,0
54,0,2,0,1,0,2,1,1,2,1,2,0,1,0,0,1,2,0,2,0,0,0,0,1,2,0,0,0,0,0,0,0,0,0,0
55,3,0,1,0,0,1,1,0,0,0,0,0,0,0,0,0,0,0,0,0,0,0,0,0,0,0,0,0,0,0,0,0,0,0,0
56,1,1,0,2,1,1,0,1,1,0,1,1,0,0,1,1,1,0,0,1,1,0,1,0,0,0,0,1,1,1,0,0,0,1,0
57,2,0,2,0,1,0,1,1,0,0,0,0,0,1,0,1,1,0,0,0,0,0,0,0,0,0,0,1,0,1,1,0,0,0,0
58,1,2,0,3,0,0,1,0,0,1,2,3,0,0,0,1,0,1,0,0,2,0,2,0,1,0,0,0,0,0,1,2,0,0,0
59,4,3,1,0,0,0,0,0,1,0,0,0,0,0,0,0,0,0,0,0,0,1,0,0,0,0,0,0,0,1,0,0,0,0,0
60,3,1,2,1,1,0,1,1,2,0,0,0,0,0,0,0,1,0,0,0,0,0,0,0,0,0,0,0,0,0,0,0,0,0,0
61,2,2,0,0,1,0,0,0,0,0,0,0,0,0,0,0,0,0,0,0,1,0,0,0,0,0,2,0,0,0,0,0,0,0,0
62,1,3,1,0,1,1,1,0,0,0,0,1,1,0,0,0,1,0,2,0,0,1,0,0,0,0,0,0,0,1,1,0,0,0,0
63,3,0,1,0,0,0,0,0,0,0,0,0,0,0,0,0,0,0,0,0,0,0,0,0,0,0,0,0,0,0,0,0,0,0,0
64,2,0,2,0,0,1,0,1,5,0,0,1,0,0,0,1,0,0,0,0,0,1,0,0,0,0,0,0,0,0,1,0,0,0,0
65,1,6,0,6,0,1,0,0,0,2,0,0,2,0,0,0,1,0,0,1,0,0,2,0,0,0,1,0,0,0,0,2,0,0,0
66,3,2,6,3,4,0,0,1,1,1,0,1,0,0,0,1,3,1,0,1,0,0,0,0,1,0,0,0,0,0,0,0,0,0,0
67,3,0,0,1,0,0,0,0,0,1,1,0,1,0,0,1,0,0,0,0,0,0,0,0,0,1,1,0,0,2,0,0,0,0,0
68,3,2,6,0,0,4,1,0,0,0,0,1,0,1,0,0,0,0,0,0,0,0,0,0,0,0,1,0,0,0,0,0,1,0,0
69,1,1,0,2,1,1,0,1,1,0,1,1,0,0,1,1,1,0,0,1,1,0,1,0,0,0,0,1,1,1,0,0,0,1,0
70,3,1,10,0,2,2,2,0,2,0,0,1,0,1,0,0,1,0,0,0,0,2,0,0,0,0,0,3,0,0,0,0,0,0,0
71,2,1,0,0,0,0,0,0,1,0,0,0,1,0,0,0,0,0,0,0,0,0,0,0,0,1,0,0,0,0,0,0,0,0,0
72,3,4,0,1,1,1,1,0,2,0,0,0,0,1,0,0,0,0,0,0,0,2,0,0,0,0,0,0,0,0,0,0,1,0,0
73,1,2,0,2,0,0,0,0,2,0,0,0,0,0,0,0,0,0,0,0,0,0,0,0,0,0,0,0,1,0,0,1,0,0,0
74,2,1,5,1,0,0,0,3,1,0,0,1,0,0,0,1,0,3,0,0,0,1,1,1,2,0,0,0,0,2,0,0,0,0,0
75,2,0,2,1,0,1,1,1,1,0,1,0,0,0,0,0,1,0,0,0,0,0,0,0,0,0,0,0,0,0,0,0,0,0,0
76,1,2,0,1,1,0,1,0,0,2,1,0,6,1,0,0,0,3,0,2,0,1,0,0,0,0,0,0,0,0,0,0,0,0,0
77,0,0,0,4,0,0,0,0,0,2,0,0,2,0,0,0,0,0,0,1,0,0,0,0,0,0,0,0,0,0,0,3,0,0,0
78,1,1,2,0,0,0,1,0,0,0,0,0,0,0,0,0,0,0,0,0,0,0,0,0,0,0,0,0,0,0,0,0,0,0,0
79,0,1,0,0,0,0,0,0,0,0,0,0,0,0,0,0,0,0,0,0,0,0,0,0,0,0,0,0,0,0,0,0,0,0,0
80,1,2,1,0,0,1,1,0,1,0,0,0,0,1,0,0,1,0,1,2,0,0,0,0,0,0,0,0,2,0,0,0,0,0,0
81,3,4,2,2,1,3,2,3,0,1,3,1,2,2,0,0,0,1,2,1,0,0,1,1,1,0,0,0,0,1,1,1,0,0,2
82,0,0,0,0,0,0,0,0,0,0,5,0,0,0,0,0,0,0,0,0,0,0,0,0,0,0,0,0,0,0,0,0,0,0,0
83,3,8,1,4,1,0,1,1,2,1,0,1,2,0,0,0,1,2,1,1,0,1,1,0,0,1,0,1,0,0,0,1,1,0,0
84,4,1,0,0,0,1,0,0,2,0,0,0,0,0,0,0,0,0,0,0,0,1,0,0,0,0,0,0,0,0,0,0,0,0,0
85,4,3,3,0,2,1,1,0,2,0,0,0,0,0,0,0,1,0,0,0,0,0,0,0,0,0,1,1,0,0,0,0,0,0,0
86,0,1,0,2,1,0,0,3,1,0,0,1,0,1,0,0,0,0,0,1,0,1,1,1,1,0,0,0,0,0,0,0,0,0,2
87,0,0,0,2,0,0,0,4,0,0,0,0,2,1,3,2,0,0,0,0,1,0,1,0,1,0,2,0,0,0,0,0,0,0,0
88,3,0,3,0,0,0,1,0,0,0,1,0,0,0,0,0,0,0,0,0,0,0,0,0,0,0,0,0,0,0,0,0,0,0,0
89,0,0,0,5,0,0,0,0,0,7,0,0,2,0,0,0,0,0,0,2,0,0,0,0,0,0,0,0,0,2,0,0,0,0,0
90,0,0,0,3,0,0,0,2,0,1,2,1,2,0,4,0,0,0,0,1,0,0,0,0,1,0,0,0,0,0,1,0,0,0,0
91,1,0,0,1,0,0,0,0,0,0,0,0,0,0,1,0,0,0,0,0,0,0,0,0,0,0,0,0,0,0,0,0,0,0,0
92,0,0,0,0,1,0,1,0,0,0,0,1,0,0,0,0,0,0,0,0,3,0,0,0,0,0,0,0,0,0,0,0,0,0,0
93,1,0,3,5,2,1,0,1,0,0,0,1,0,0,0,1,0,0,0,0,0,0,0,0,1,0,1,0,0,0,0,2,0,0,0
94,3,1,0,2,0,0,0,3,2,2,0,0,0,0,0,1,1,0,1,4,0,0,0,0,0,1,0,0,1,0,0,1,0,1,1
95,4,1,0,0,0,0,1,0,0,0,0,0,0,0,0,0,0,0,0,0,0,0,0,0,0,0,0,0,0,0,0,0,0,0,0
96,1,1,1,0,0,1,0,0,1,0,0,0,0,0,0,0,0,1,0,0,0,0,0,0,0,0,0,0,0,0,0,0,0,0,0
97,1,0,1,2,0,2,0,2,2,1,1,0,0,0,0,0,0,0,0,0,0,0,0,0,2,0,0,0,0,0,0,0,0,0,0
98,0,0,1,0,0,1,0,0,1,0,0,0,0,0,0,0,0,0,0,0,0,0,0,0,0,1,1,0,0,0,0,0,0,0,0
99,1,0,0,0,1,0,0,1,2,0,0,0,2,2,0,1,0,0,1,0,0,0,0,1,1,0,0,0,0,0,0,0,0,0,1
100,1,0,0,1,0,0,1,0,0,5,0,0,4,0,0,1,0,0,1,0,0,0,0,0,0,0,0,0,0,0,0,1,0,0,0
101,2,0,1,1,1,2,1,0,0,0,2,0,0,0,0,0,0,2,0,0,0,0,0,0,0,0,0,0,0,0,0,0,0,0,0
102,1,0,1,3,2,0,0,0,1,0,0,0,0,0,0,0,0,0,0,0,0,0,2,0,0,0,0,0,0,0,0,1,0,0,0
103,0,2,1,1,1,0,1,2,0,0,2,2,3,0,0,1,0,3,0,1,1,0,0,0,1,0,0,0,0,0,0,1,0,0,0
104,2,6,5,0,1,0,1,0,0,0,1,2,0,0,0,0,0,0,0,0,0,0,0,0,0,0,0,1,0,0,0,0,1,0,0
105,1,3,5,2,0,1,3,0,0,1,0,2,2,1,1,0,0,1,0,0,0,1,0,1,0,0,1,0,0,0,0,0,0,0,0
106,1,1,0,0,1,1,0,0,0,0,0,0,2,0,0,1,0,0,0,0,0,0,0,0,0,0,0,0,0,0,0,0,0,0,0
107,3,0,1,0,0,0,1,0,1,0,1,0,0,0,0,0,0,1,0,0,0,0,0,0,0,0,0,0,0,0,0,0,0,0,0
108,1,0,1,2,0,0,0,0,1,1,0,0,0,0,0,0,0,0,0,0,0,0,0,0,0,2,0,0,0,0,0,0,0,0,0
109,0,0,0,1,0,0,0,3,0,1,4,1,3,0,2,1,0,0,0,0,0,0,0,1,1,0,1,0,0,0,1,0,0,0,0
110,1,2,4,0,0,1,0,0,0,0,0,0,0,0,0,0,0,1,0,0,0,0,0,1,0,1,0,0,0,0,0,0,0,0,0
111,3,0,9,0,0,4,1,0,1,0,2,1,0,1,0,0,0,0,0,0,0,0,0,0,0,0,0,0,2,0,0,0,0,0,2
112,2,0,2,0,1,1,1,0,1,3,0,0,0,0,0,0,1,0,0,1,0,0,0,0,0,2,0,2,0,1,0,0,0,0,0
113,1,3,2,0,0,2,0,0,0,0,0,0,0,2,0,0,0,0,0,0,0,1,0,1,0,0,0,0,0,0,0,0,0,0,0
114,1,0,0,0,0,0,0,0,0,0,0,0,0,0,0,0,0,0,0,0,0,1,0,0,0,0,0,0,0,0,0,0,0,0,0
115,0,0,0,0,0,0,0,1,0,2,1,1,0,0,1,0,0,0,0,0,0,0,0,0,0,0,0,0,0,0,0,0,0,0,0
116,6,0,1,0,3,1,2,0,0,0,0,1,0,0,0,1,0,0,0,0,0,0,0,0,0,0,0,0,2,0,0,0,0,0,0
117,0,2,0,1,0,1,0,3,0,0,0,0,1,1,0,0,1,2,0,0,0,0,1,0,0,0,0,0,0,0,0,0,0,0,0
118,2,0,3,2,0,2,1,3,2,0,7,3,0,0,1,1,0,0,0,1,0,0,0,1,2,0,0,0,0,0,0,1,0,0,0
119,0,2,0,1,0,1,0,3,0,0,0,0,1,1,0,0,1,2,0,0,0,0,1,0,0,0,0,0,0,0,0,0,0,0,0
120,0,0,0,0,1,0,0,0,0,0,0,0,0,0,0,0,0,0,0,0,0,0,0,0,0,0,0,0,0,0,0,0,0,0,0
121,2,2,0,1,0,0,1,0,0,1,0,1,0,0,0,0,0,1,2,4,0,0,1,0,0,0,1,0,0,0,0,0,0,0,0
122,0,0,0,0,0,0,0,0,1,0,0,0,0,0,0,0,0,0,0,0,0,0,0,0,0,0,0,0,0,0,0,0,0,0,0
123,2,6,5,0,1,0,1,0,0,0,1,2,0,0,0,0,0,0,0,0,0,0,0,0,0,0,0,1,0,0,0,0,1,0,0
124,2,0,3,0,0,2,1,1,1,0,1,2,0,0,0,0,1,0,0,0,0,0,0,1,0,0,0,0,0,0,0,0,0,2,0
125,2,1,0,0,2,0,0,0,0,0,0,0,1,0,2,0,0,0,0,0,2,0,0,0,0,0,0,0,1,0,0,0,0,0,0
126,2,1,1,4,0,1,1,1,0,5,0,2,2,1,0,1,0,1,1,2,0,0,3,0,0,0,0,0,0,0,0,0,0,0,0
127,0,0,3,5,0,0,0,4,1,0,0,1,0,0,0,1,0,2,0,0,0,0,1,0,0,0,0,0,0,0,0,0,0,0,0
128,2,1,0,0,2,0,0,0,0,0,0,0,1,0,2,0,0,0,0,0,2,0,0,0,0,0,0,0,1,0,0,0,0,0,0
129,0,2,1,0,2,0,1,0,0,0,0,0,0,0,0,0,0,0,0,0,0,0,0,0,0,0,0,0,0,0,2,0,0,0,0
130,2,1,1,4,0,1,1,1,0,5,0,2,2,1,0,1,0,1,1,2,0,0,3,0,0,0,0,0,0,0,0,0,0,0,0
131,0,0,3,5,0,0,0,4,1,0,0,1,0,0,0,1,0,2,0,0,0,0,1,0,0,0,0,0,0,0,0,0,0,0,0
132,2,3,0,0,1,0,1,0,0,0,0,0,0,0,0,0,0,0,0,0,0,0,0,0,0,0,0,0,0,0,0,0,0,0,0
133,2,1,1,1,2,1,0,1,0,1,0,0,1,1,0,2,0,0,1,0,0,1,0,1,0,1,0,0,0,0,0,0,0,0,0
134,2,0,0,0,0,0,0,0,0,4,0,0,0,0,0,0,0,0,2,0,0,0,0,0,0,0,0,0,0,0,0,0,0,0,0
135,0,0,1,0,0,1,1,0,1,0,0,0,0,0,0,2,0,0,0,0,1,0,0,0,0,0,0,0,0,0,0,0,0,0,0
136,0,0,2,0,1,0,1,0,0,0,0,0,0,2,0,0,0,0,0,0,0,0,0,0,0,1,0,0,0,0,0,0,0,0,0
137,2,1,2,1,2,0,1,0,0,0,0,0,0,0,0,0,0,0,0,0,0,1,1,0,0,0,0,2,0,0,0,0,0,1,0
138,0,0,0,0,0,0,0,0,0,0,0,0,0,0,0,0,2,0,0,0,0,0,0,0,0,0,0,0,0,0,0,0,0,0,0
139,4,2,3,0,1,1,1,0,0,0,0,3,0,0,0,2,1,1,0,1,0,0,0,0,0,0,0,1,0,0,0,0,0,0,0
140,3,1,0,1,1,0,0,3,0,0,2,0,1,0,4,0,0,0,0,0,0,1,0,1,1,0,0,0,0,0,1,0,0,0,0
141,1,1,2,3,0,0,0,0,0,0,0,0,0,1,0,0,0,0,0,1,0,0,0,0,0,0,0,0,0,1,0,0,0,0,0
142,2,1,5,0,0,0,0,0,2,0,1,2,1,0,0,0,0,0,0,0,0,0,0,0,0,0,0,0,0,0,0,0,0,0,0
143,4,0,2,2,3,1,3,0,1,0,0,1,0,0,1,0,0,0,0,0,0,0,0,1,0,2,0,0,0,0,0,0,1,0,1
144,0,0,1,0,0,0,0,0,0,0,0,0,0,0,0,0,0,0,0,0,0,0,0,0,0,0,0,0,1,0,0,0,0,0,0
145,0,1,3,0,0,2,1,0,0,0,0,0,0,0,0,0,1,0,0,0,3,0,0,1,0,0,0,1,0,0,0,0,0,0,0
146,2,1,5,0,0,0,0,0,2,0,1,2,1,0,0,0,0,0,0,0,0,0,0,0,0,0,0,0,0,0,0,0,0,0,0
147,4,0,2,2,3,1,3,0,1,0,0,1,0,0,1,0,0,0,0,0,0,0,0,1,0,2,0,0,0,0,0,0,1,0,1
148,3,0,4,0,0,0,1,0,0,0,0,0,0,0,0,0,1,0,0,0,0,0,0,0,0,0,0,0,0,0,0,0,0,1,0
149,0,0,1,0,0,0,0,0,0,0,0,0,0,0,0,0,0,0,0,0,0,0,0,0,0,0,0,0,1,0,0,0,0,0,0
150,0,1,3,0,0,2,1,0,0,0,0,0,0,0,0,0,1,0,0,0,3,0,0,1,0,0,0,1,0,0,0,0,0,0,0
151,3,1,0,0,1,2,0,0,0,0,1,0,0,0,0,0,0,0,0,0,0,1,0,0,0,0,0,0,0,0,0,0,0,0,1
152,1,2,2,2,2,0,0,0,2,2,0,0,0,0,0,0,0,0,1,0,0,0,0,0,1,0,0,0,0,0,0,0,0,0,0
153,3,0,1,0,0,0,1,0,1,0,1,0,0,0,0,0,0,1,0,0,0,0,0,0,0,0,0,0,0,0,0,0,0,0,0
154,0,1,0,0,0,0,0,0,0,0,0,0,0,0,0,0,0,0,0,0,7,0,0,0,0,0,0,0,1,0,0,0,0,0,0
155,0,2,0,0,0,1,0,3,0,0,1,0,3,0,0,1,0,0,0,0,0,0,0,1,0,0,0,0,0,0,0,0,0,0,0
156,0,0,0,0,0,0,1,0,0,0,0,0,0,0,0,0,1,0,1,0,0,0,0,0,0,0,0,0,0,0,0,0,0,0,0
157,2,6,5,0,1,0,1,0,0,0,1,2,0,0,0,0,0,0,0,0,0,0,0,0,0,0,0,1,0,0,0,0,1,0,0
158,1,3,5,2,0,1,3,0,0,1,0,2,2,1,1,0,0,1,0,0,0,1,0,1,0,0,1,0,0,0,0,0,0,0,0
159,3,1,1,1,2,0,4,1,2,0,0,0,0,1,1,0,0,1,2,0,0,0,0,0,0,1,0,0,0,0,1,0,0,0,0
160,2,0,1,0,0,4,0,1,1,0,0,0,0,0,0,0,2,1,0,0,0,2,0,0,0,0,0,0,0,0,0,0,0,0,0
161,4,2,0,0,1,0,0,1,0,0,0,0,0,0,0,0,0,0,0,0,0,0,0,0,0,0,0,0,0,0,0,0,0,0,0
162,0,1,0,0,0,0,0,0,0,0,0,0,0,0,0,0,0,0,0,0,7,0,0,0,0,0,0,0,1,0,0,0,0,0,0
163,1,0,0,0,0,0,0,0,0,0,0,0,0,0,0,0,0,0,0,0,0,0,0,1,0,0,0,0,0,0,0,0,0,0,0
164,0,0,0,0,0,0,0,0,0,0,0,1,0,2,0,0,0,0,0,0,0,1,0,0,0,0,0,0,0,0,0,0,0,0,0
165,6,0,1,0,3,1,2,0,0,0,0,1,0,0,0,1,0,0,0,0,0,0,0,0,0,0,0,0,2,0,0,0,0,0,0
166,0,0,2,0,1,0,0,0,0,0,0,0,0,1,0,0,0,0,0,0,0,0,0,0,0,0,0,0,0,1,0,0,0,0,0
167,1,1,2,1,2,2,0,0,0,0,0,2,1,2,2,0,1,0,0,0,0,0,0,0,0,0,0,0,0,0,0,0,0,0,0
168,1,3,1,0,0,2,0,0,0,0,0,0,1,2,1,0,0,0,0,0,0,0,0,0,0,1,0,0,1,0,0,0,0,0,0
169,1,1,3,0,1,2,2,0,0,0,0,0,0,0,0,0,0,0,0,0,0,0,0,0,0,0,0,0,0,0,0,0,0,0,0
170,1,0,1,2,0,0,0,1,0,1,2,1,0,0,0,1,0,0,1,0,0,0,1,0,1,0,0,0,0,0,0,0,0,0,0
171,0,0,0,0,0,1,0,0,2,1,1,0,1,0,0,0,0,1,0,0,0,0,0,0,0,0,0,0,0,0,0,0,0,0,0
172,1,0,0,2,0,0,0,0,0,3,0,0,0,0,0,0,0,0,0,0,0,0,0,0,0,0,0,0,0,0,0,0,0,0,0
173,2,6,3,0,3,4,0,0,2,0,1,0,0,0,0,0,0,0,0,0,0,2,0,0,0,0,0,0,0,0,0,0,0,0,0
174,0,0,0,0,0,0,0,0,0,0,0,0,0,0,0,0,0,0,0,0,0,0,0,0,0,0,0,0,0,0,0,0,0,0,0
175,0,0,0,3,0,0,0,0,0,3,0,0,1,0,0,0,0,0,1,0,0,0,1,0,0,1,0,1,0,0,0,1,0,0,0
176,0,1,0,0,0,1,0,0,1,0,0,0,0,0,0,0,0,0,1,0,0,0,0,0,0,0,0,0,0,0,0,0,0,0,0
177,0,0,0,2,0,0,0,0,0,1,0,4,0,1,0,0,1,0,2,0,0,0,0,0,1,0,0,0,0,0,0,0,0,0,0
178,3,1,0,0,0,1,0,0,3,0,0,0,0,0,0,0,0,0,0,0,0,1,0,0,0,0,0,0,0,0,0,0,0,0,0
179,3,1,2,0,2,5,1,0,0,0,0,0,1,2,0,0,0,0,0,0,0,0,0,0,0,0,0,0,0,0,0,0,0,0,0
180,1,3,2,0,0,0,0,0,1,0,0,0,0,2,0,0,0,0,0,0,0,1,0,1,0,1,0,0,0,0,0,0,1,0,0
181,2,0,0,1,0,1,0,0,0,0,4,2,1,0,0,0,1,1,1,1,0,0,1,0,1,0,0,0,0,0,0,0,0,1,0
182,0,3,1,3,0,0,2,0,0,0,2,0,0,1,0,0,0,0,0,0,0,0,0,0,0,0,0,0,0,0,0,0,0,0,0
183,4,0,2,0,3,0,1,0,1,1,0,0,1,0,0,0,0,0,0,1,2,0,0,1,0,0,1,0,2,0,0,0,0,1,0
184,0,6,2,0,0,0,0,5,0,0,1,0,0,0,0,0,2,0,0,0,0,0,1,0,1,0,0,0,0,0,0,0,0,0,0
185,2,1,0,0,0,1,1,0,0,0,0,0,0,0,0,0,0,0,0,0,0,0,0,0,0,0,0,0,1,1,0,0,1,0,0
186,0,1,1,4,2,2,2,1,1,1,3,0,0,0,3,1,0,0,0,1,1,0,3,0,1,0,0,0,0,0,1,0,2,0,0
187,2,2,0,0,1,1,0,2,0,1,0,1,0,1,0,0,1,0,0,0,0,0,0,2,0,0,1,1,0,1,0,0,0,0,0
188,1,2,1,0,0,1,0,0,1,3,1,0,0,0,1,0,0,0,0,0,0,0,0,0,0,0,0,0,0,0,0,0,0,0,0
189,5,5,8,0,1,2,2,0,0,0,0,0,0,2,0,0,1,0,0,1,0,0,0,0,0,0,0,0,0,0,0,0,0,0,0
190,2,3,0,0,1,0,1,0,0,0,0,0,0,0,0,0,0,0,0,0,0,0,0,0,0,0,0,0,0,0,0,0,0,0,0
191,1,0,3,1,0,1,0,0,0,1,1,0,0,0,0,2,0,0,1,1,0,0,2,1,0,0,0,0,0,0,0,0,0,0,0
192,2,2,1,0,0,3,3,0,1,0,0,0,0,0,0,0,1,0,0,0,0,1,0,1,0,0,0,0,0,0,0,0,0,0,0
193,2,4,1,0,3,0,0,1,1,1,0,0,2,0,1,0,0,0,1,0,0,0,0,1,0,0,1,0,0,0,0,0,0,0,0
194,1,0,1,0,1,0,0,0,0,0,0,0,0,0,0,0,0,0,0,0,0,0,0,1,0,0,0,0,0,0,0,0,0,0,0
195,2,4,0,0,0,0,0,0,1,0,0,0,0,0,0,0,0,0,0,0,0,1,0,0,0,0,0,0,0,0,0,0,0,0,0
196,2,1,0,0,2,0,2,0,0,3,1,0,1,0,0,0,0,0,3,0,0,0,0,0,0,0,0,0,0,0,1,0,0,0,0
197,1,2,2,1,1,0,2,7,0,0,4,1,0,2,0,3,0,2,1,0,0,0,0,0,2,0,0,0,0,0,0,0,0,0,0
198,0,0,1,4,0,1,0,0,3,4,0,0,1,0,0,0,0,1,0,0,0,0,0,0,0,1,0,0,0,0,0,0,0,0,0
199,1,0,1,4,1,0,1,2,0,1,0,0,0,0,0,1,0,1,0,4,1,0,1,0,0,0,0,0,0,1,1,2,0,1,0
200,2,4,1,0,3,0,0,1,1,1,0,0,2,0,1,0,0,0,1,0,0,0,0,1,0,0,1,0,0,0,0,0,0,0,0
201,1,0,1,0,1,0,0,0,0,0,0,0,0,0,0,0,0,0,0,0,0,0,0,1,0,0,0,0,0,0,0,0,0,0,0
202,2,4,0,0,0,0,0,0,1,0,0,0,0,0,0,0,0,0,0,0,0,1,0,0,0,0,0,0,0,0,0,0,0,0,0
203,2,1,0,0,2,0,2,0,0,3,1,0,1,0,0,0,0,0,3,0,0,0,0,0,0,0,0,0,0,0,1,0,0,0,0
204,3,7,2,0,1,0,1,0,1,1,0,0,0,0,0,0,1,0,0,0,0,0,0,0,0,2,0,0,4,0,0,0,0,0,0
205,1,4,0,0,0,0,3,0,1,0,1,0,0,0,0,0,0,0,0,0,1,0,0,0,0,1,0,1,0,0,0,0,0,0,0
206,2,0,0,1,2,0,1,0,0,0,1,2,0,0,0,0,0,0,0,0,0,0,0,0,0,0,0,0,0,0,0,0,0,1,0
207,1,1,1,0,0,0,1,0,0,0,0,0,0,0,0,0,0,0,0,0,0,0,0,0,0,0,1,0,0,0,0,0,0,0,0
208,0,0,4,0,0,0,0,1,0,0,0,1,0,0,0,0,0,0,0,0,0,0,0,0,0,0,2,0,0,1,0,0,0,0,0
209,0,0,0,5,1,0,2,0,0,1,0,1,0,1,0,0,0,0,0,2,0,0,2,0,0,0,0,0,0,0,0,1,0,0,0
210,3,0,0,0,0,0,1,1,2,0,0,0,0,0,0,1,1,0,0,0,0,0,0,0,0,0,0,0,1,0,0,0,0,0,0
211,1,0,0,0,0,0,0,0,0,0,0,0,0,0,0,0,0,0,0,0,0,1,0,0,0,0,0,0,0,0,0,0,0,0,0
212,0,0,0,0,0,0,0,1,0,2,1,1,0,0,1,0,0,0,0,0,0,0,0,0,0,0,0,0,0,0,0,0,0,0,0
213,2,1,1,0,1,1,1,0,2,0,0,0,0,0,0,0,0,0,0,0,0,0,0,0,0,0,0,0,0,0,0,0,0,0,0
214,1,3,2,0,0,2,0,0,0,0,0,0,0,2,0,0,0,0,0,0,0,1,0,1,0,0,0,0,0,0,0,0,0,0,0
215,1,1,1,0,0,0,1,0,0,0,0,1,0,0,0,0,1,0,0,0,0,0,0,1,0,0,0,0,0,0,0,0,0,0,0
216,0,6,2,0,1,5,0,0,0,0,0,0,0,0,0,0,0,0,1,0,0,0,0,0,0,0,0,0,0,0,0,0,0,0,0
217,0,1,0,0,0,0,0,0,0,0,0,0,0,0,0,0,0,0,0,0,1,0,0,0,0,0,0,0,0,0,0,0,0,0,0
218,2,1,3,0,0,1,1,0,2,0,0,0,0,0,0,0,0,0,0,0,0,1,0,0,0,0,0,0,0,1,0,0,0,0,0
219,1,3,0,0,0,0,0,0,0,1,0,2,0,0,0,0,0,0,1,0,0,0,0,0,0,0,1,0,0,0,0,1,0,0,0
220,2,5,0,0,0,2,0,0,1,0,0,0,0,0,0,0,1,0,0,0,0,1,0,0,0,1,0,1,0,0,0,0,0,0,0
221,1,1,0,0,0,2,0,0,0,0,0,0,0,2,0,0,0,0,0,0,1,0,0,1,0,2,0,0,0,1,0,0,0,0,0
222,3,5,0,0,1,1,0,0,1,0,1,0,0,0,0,0,0,0,0,0,0,0,0,0,0,0,0,0,0,0,0,0,0,0,0
223,0,0,1,1,0,0,2,2,1,0,1,0,0,0,7,0,0,1,0,0,0,0,0,0,1,0,0,0,0,0,0,0,0,0,0
224,0,10,0,3,1,0,0,0,0,0,0,0,0,0,0,1,0,0,0,0,0,0,1,0,0,1,0,0,0,0,0,0,0,1,0
225,0,6,1,0,7,0,0,0,0,0,0,0,0,0,1,0,0,0,0,0,0,0,0,0,0,0,0,1,0,0,0,0,0,0,2
226,2,1,2,2,1,0,0,1,0,2,1,1,2,0,0,0,0,0,0,0,0,0,0,0,1,0,1,0,0,0,0,0,0,0,0
227,2,3,0,0,1,0,0,0,0,0,0,0,0,0,0,0,0,0,0,0,0,0,0,0,0,0,0,1,0,0,0,0,0,0,0
228,3,9,1,0,1,1,1,0,0,0,0,0,0,0,0,0,0,0,1,1,0,2,0,1,0,0,0,0,0,0,0,0,0,0,0
229,5,0,0,0,5,1,0,0,1,0,1,0,0,0,1,0,0,0,0,0,0,0,0,0,0,0,0,0,0,2,0,0,2,0,0
230,4,0,2,0,3,0,1,0,1,1,0,0,1,0,0,0,0,0,0,1,2,0,0,1,0,0,1,0,2,0,0,0,0,1,0
231,1,1,0,0,0,0,0,0,0,0,0,0,0,0,0,1,0,0,0,0,0,0,0,0,0,0,0,0,0,0,1,0,0,0,0
232,0,0,1,1,0,2,0,0,1,0,0,0,0,0,0,0,0,0,0,0,0,0,0,0,0,1,0,0,0,0,0,0,0,0,0
233,3,4,0,1,1,1,1,0,2,0,0,0,0,1,0,0,0,0,0,0,0,2,0,0,0,0,0,0,0,0,0,0,1,0,0
234,2,4,5,1,0,1,0,0,0,0,0,4,0,0,0,0,0,0,0,0,0,1,0,0,0,0,1,0,0,0,0,0,0,1,0
235,2,2,7,1,2,2,0,0,0,2,1,1,0,0,0,0,0,0,0,1,0,0,0,0,0,0,1,1,0,1,0,0,0,0,0
236,4,1,1,0,0,2,0,0,0,0,0,1,0,0,0,1,0,0,0,0,0,0,0,0,0,0,0,0,0,0,0,0,0,0,0
237,1,3,3,0,4,0,0,0,0,0,0,0,0,0,0,0,0,0,1,0,0,0,0,0,0,0,0,0,0,1,0,0,0,0,0
238,1,1,2,0,2,0,1,0,1,0,0,0,0,1,0,0,0,0,0,1,0,0,0,0,0,0,0,0,1,0,0,0,1,0,0
239,0,0,1,0,1,1,1,1,0,1,0,0,0,0,0,0,0,0,1,0,0,0,0,0,1,0,0,0,0,1,0,0,0,0,0
240,5,1,2,3,0,1,0,0,1,0,0,2,0,1,0,1,0,0,0,0,0,1,0,0,0,2,0,0,0,0,0,0,0,0,0
241,0,1,2,0,0,1,0,0,1,0,0,0,0,0,0,0,0,0,0,0,0,0,0,0,0,0,0,0,0,0,0,0,0,0,0
242,2,2,4,0,2,3,1,0,0,0,0,0,0,0,0,0,1,0,0,0,0,1,0,0,0,0,0,0,0,0,0,0,0,0,0
243,2,1,0,1,0,0,0,1,2,0,0,0,0,0,0,0,1,0,1,0,0,0,0,0,0,0,0,0,0,0,0,0,0,0,0
244,0,2,1,0,0,0,0,0,1,0,0,0,0,0,1,1,0,0,0,0,0,0,0,0,0,0,0,0,0,0,1,0,0,0,0
245,1,3,4,1,0,0,0,1,1,0,0,0,1,2,1,0,0,0,0,0,0,1,0,0,1,1,0,0,1,0,0,0,0,0,1
246,2,2,1,0,0,0,0,0,1,0,0,0,0,0,0,0,0,0,1,0,0,0,0,0,0,0,0,0,0,1,0,0,0,0,0
247,3,2,7,0,3,3,4,1,1,0,0,0,0,0,0,0,0,0,0,0,0,0,0,0,0,0,0,0,0,0,0,0,0,0,0
248,3,1,2,0,0,0,0,0,1,0,0,0,0,1,1,0,1,0,0,0,0,2,0,0,0,0,0,0,0,0,0,0,0,0,0
249,2,1,5,0,0,1,0,0,0,0,0,0,1,0,0,0,0,0,0,0,0,1,0,0,0,0,0,0,0,0,0,0,0,0,1
250,2,0,0,1,1,0,1,1,0,0,0,0,1,1,0,0,0,0,0,3,0,1,0,0,0,1,0,0,0,0,1,0,0,0,0
251,0,3,1,1,1,1,1,0,1,1,0,0,0,1,1,0,0,0,0,0,1,0,0,1,0,0,0,0,0,0,0,0,1,0,0
252,4,0,0,0,0,0,0,0,0,0,0,0,0,0,0,0,0,0,0,0,0,0,0,0,0,0,0,0,0,0,0,0,0,0,0
253,2,0,1,0,0,4,0,1,1,0,0,0,0,0,0,0,2,1,0,0,0,2,0,0,0,0,0,0,0,0,0,0,0,0,0
254,2,3,1,0,3,0,1,0,0,0,0,0,0,1,0,0,0,0,0,0,0,0,0,0,0,0,0,0,0,0,0,0,1,0,0
255,1,0,0,0,0,0,0,0,0,0,0,0,0,0,0,0,0,0,0,0,0,0,0,1,0,0,0,0,0,0,0,0,0,0,0
256,2,1,1,0,0,0,3,0,0,0,0,0,0,0,0,0,0,0,0,0,0,0,0,1,0,0,0,0,0,0,0,0,0,0,0
257,1,1,0,2,1,0,1,2,1,1,2,0,1,1,0,3,0,0,0,0,0,0,0,1,0,1,2,0,0,0,0,0,0,0,0
258,0,0,0,3,0,0,0,2,0,1,2,1,2,0,4,0,0,0,0,1,0,0,0,0,1,0,0,0,0,0,1,0,0,0,0
259,0,1,0,0,1,3,0,0,0,0,0,0,0,0,0,0,0,0,0,0,0,0,0,5,0,1,0,0,0,0,0,0,1,0,0
260,4,2,0,0,0,0,0,0,1,0,2,0,0,0,0,0,0,2,0,0,1,0,0,0,0,0,0,0,0,0,0,0,0,0,0
261,4,1,0,0,0,1,0,0,1,0,1,0,0,0,0,0,1,0,0,0,0,0,0,0,0,0,0,0,0,0,0,0,0,0,0
262,0,0,3,2,1,0,0,0,0,2,0,0,0,0,0,0,1,0,1,0,0,0,0,0,0,0,0,0,0,0,0,0,0,0,0
263,4,0,0,0,0,0,0,0,0,0,0,0,0,0,0,0,0,0,0,0,0,0,0,0,0,0,0,0,0,0,0,0,0,0,0
264,3,1,1,1,2,0,4,1,2,0,0,0,0,1,1,0,0,1,2,0,0,0,0,0,0,1,0,0,0,0,1,0,0,0,0
265,0,1,9,0,1,0,0,1,0,0,0,0,0,0,0,0,0,1,0,0,0,0,0,0,0,1,0,1,0,0,0,1,0,0,0
266,2,0,1,0,0,4,0,1,1,0,0,0,0,0,0,0,2,1,0,0,0,2,0,0,0,0,0,0,0,0,0,0,0,0,0
267,2,3,1,0,3,0,1,0,0,0,0,0,0,1,0,0,0,0,0,0,0,0,0,0,0,0,0,0,0,0,0,0,1,0,0
268,1,0,0,0,0,0,0,0,0,0,0,0,0,0,0,0,0,0,0,0,0,0,0,1,0,0,0,0,0,0,0,0,0,0,0
269,4,2,0,0,1,0,0,1,0,0,0,0,0,0,0,0,0,0,0,0,0,0,0,0,0,0,0,0,0,0,0,0,0,0,0
270,0,5,0,0,0,0,0,0,0,0,2,0,0,3,0,0,0,1,0,0,0,0,0,1,0,0,0,0,0,0,0,0,0,0,0
271,0,0,0,0,2,0,0,0,0,0,0,0,0,0,0,0,0,0,0,0,1,0,0,0,0,0,0,0,0,0,0,0,0,0,0
272,2,2,0,2,2,0,1,2,0,0,0,1,0,0,0,0,0,0,0,0,0,0,0,0,2,0,1,0,0,1,0,0,0,0,1
273,4,1,1,0,0,2,0,0,0,0,0,1,0,0,0,1,0,0,0,0,0,0,0,0,0,0,0,0,0,0,0,0,0,0,0
274,4,0,0,0,0,1,1,0,4,0,0,1,0,0,0,1,0,1,0,0,0,0,0,0,0,0,0,0,0,0,0,0,0,0,0
